tanggal,hari,nama_produk,jumlah_terjual,harga_satuan,stok_produk,sisa_stok,status_stok
2021-08-01,Minggu,"Bolen Coklat",38,23000,130,92,Overstock
2021-08-02,Senin,"Bolen Banana",80,23000,125,45,Normal
2021-08-03,Selasa,"Bolen Proltape",45,23000,89,44,Normal
2021-08-04,Rabu,"Bolen Coklat Keju",149,12000,150,1,Normal
2021-08-05,Kamis,"Bolen Cokju (Mini)",118,12000,118,0,Understock
2021-08-06,Jumat,"Bolen Keju (Mini)",33,12000,33,0,Understock
2021-08-07,Sabtu,"Bolen Pisang Coklat",139,23000,261,122,Overstock
2021-08-08,Minggu,"Bolen Coklat",60,23000,105,45,Normal
2021-08-09,Senin,"Bolen Banana",149,23000,257,108,Overstock
2021-08-10,Selasa,"Bolen Proltape",81,23000,82,1,Normal
2021-08-11,Rabu,"Bolen Coklat Keju",50,12000,144,94,Overstock
2021-08-12,Kamis,"Bolen Cokju (Mini)",81,12000,81,0,Understock
2021-08-13,Jumat,"Bolen Keju (Mini)",96,12000,96,0,Understock
2021-08-14,Sabtu,"Bolen Pisang Coklat",107,23000,107,0,Understock
2021-08-15,Minggu,"Bolen Coklat",98,23000,154,56,Overstock
2021-08-16,Senin,"Bolen Banana",127,23000,226,99,Overstock
2021-08-17,Selasa,"Bolen Proltape",30,23000,161,131,Overstock
2021-08-18,Rabu,"Bolen Coklat Keju",102,12000,243,141,Overstock
2021-08-19,Kamis,"Bolen Cokju (Mini)",27,12000,27,0,Understock
2021-08-20,Jumat,"Bolen Keju (Mini)",68,12000,74,6,Normal
2021-08-21,Sabtu,"Bolen Pisang Coklat",69,23000,94,25,Normal
2021-08-22,Minggu,"Bolen Coklat",81,23000,178,97,Overstock
2021-08-23,Senin,"Bolen Banana",51,23000,128,77,Overstock
2021-08-24,Selasa,"Bolen Proltape",78,23000,216,138,Overstock
2021-08-25,Rabu,"Bolen Coklat Keju",28,12000,100,72,Overstock
2021-08-26,Kamis,"Bolen Cokju (Mini)",146,12000,157,11,Normal
2021-08-27,Jumat,"Bolen Keju (Mini)",128,12000,260,132,Overstock
2021-08-28,Sabtu,"Bolen Pisang Coklat",66,23000,215,149,Overstock
2021-08-29,Minggu,"Bolen Coklat",24,23000,24,0,Understock
2021-08-30,Senin,"Bolen Banana",18,23000,44,26,Normal
2021-08-31,Selasa,"Bolen Proltape",78,23000,78,0,Understock
2021-09-01,Rabu,"Bolen Coklat Keju",90,12000,90,0,Understock
2021-09-02,Kamis,"Bolen Cokju (Mini)",137,12000,270,133,Overstock
2021-09-03,Jumat,"Bolen Keju (Mini)",127,12000,127,0,Understock
2021-09-04,Sabtu,"Bolen Pisang Coklat",45,23000,45,0,Understock
2021-09-05,Minggu,"Bolen Coklat",147,23000,147,0,Understock
2021-09-06,Senin,"Bolen Banana",119,23000,145,26,Normal
2021-09-07,Selasa,"Bolen Proltape",102,23000,102,0,Understock
2021-09-08,Rabu,"Bolen Coklat Keju",45,12000,107,62,Overstock
2021-09-09,Kamis,"Bolen Cokju (Mini)",22,12000,32,10,Normal
2021-09-10,Jumat,"Bolen Keju (Mini)",50,12000,78,28,Normal
2021-09-11,Sabtu,"Bolen Pisang Coklat",26,23000,153,127,Overstock
2021-09-12,Minggu,"Bolen Coklat",129,23000,250,121,Overstock
2021-09-13,Senin,"Bolen Banana",12,23000,77,65,Overstock
2021-09-14,Selasa,"Bolen Proltape",147,23000,197,50,Normal
2021-09-15,Rabu,"Bolen Coklat Keju",97,12000,97,0,Understock
2021-09-16,Kamis,"Bolen Cokju (Mini)",121,12000,121,0,Understock
2021-09-17,Jumat,"Bolen Keju (Mini)",10,12000,57,47,Normal
2021-09-18,Sabtu,"Bolen Pisang Coklat",77,23000,126,49,Normal
2021-09-19,Minggu,"Bolen Coklat",55,23000,119,64,Overstock
2021-09-20,Senin,"Bolen Banana",86,23000,119,33,Normal
2021-09-21,Selasa,"Bolen Proltape",60,23000,60,0,Understock
2021-09-22,Rabu,"Bolen Coklat Keju",51,12000,201,150,Overstock
2021-09-23,Kamis,"Bolen Cokju (Mini)",145,12000,184,39,Normal
2021-09-24,Jumat,"Bolen Keju (Mini)",92,12000,157,65,Overstock
2021-09-25,Sabtu,"Bolen Pisang Coklat",102,23000,122,20,Normal
2021-09-26,Minggu,"Bolen Coklat",71,23000,71,0,Understock
2021-09-27,Senin,"Bolen Banana",30,23000,30,0,Understock
2021-09-28,Selasa,"Bolen Proltape",134,23000,183,49,Normal
2021-09-29,Rabu,"Bolen Coklat Keju",146,12000,155,9,Normal
2021-09-30,Kamis,"Bolen Cokju (Mini)",131,12000,142,11,Normal
2021-10-01,Jumat,"Bolen Keju (Mini)",77,12000,205,128,Overstock
2021-10-02,Sabtu,"Bolen Pisang Coklat",118,23000,153,35,Normal
2021-10-03,Minggu,"Bolen Coklat",61,23000,87,26,Normal
2021-10-04,Senin,"Bolen Banana",105,23000,222,117,Overstock
2021-10-05,Selasa,"Bolen Proltape",125,23000,125,0,Understock
2021-10-06,Rabu,"Bolen Coklat Keju",67,12000,67,0,Understock
2021-10-07,Kamis,"Bolen Cokju (Mini)",15,12000,95,80,Overstock
2021-10-08,Jumat,"Bolen Keju (Mini)",66,12000,66,0,Understock
2021-10-09,Sabtu,"Bolen Pisang Coklat",25,23000,25,0,Understock
2021-10-10,Minggu,"Bolen Coklat",18,23000,23,5,Normal
2021-10-11,Senin,"Bolen Banana",141,23000,141,0,Understock
2021-10-12,Selasa,"Bolen Proltape",134,23000,134,0,Understock
2021-10-13,Rabu,"Bolen Coklat Keju",43,12000,80,37,Normal
2021-10-14,Kamis,"Bolen Cokju (Mini)",131,12000,131,0,Understock
2021-10-15,Jumat,"Bolen Keju (Mini)",131,12000,144,13,Normal
2021-10-16,Sabtu,"Bolen Pisang Coklat",34,23000,34,0,Understock
2021-10-17,Minggu,"Bolen Coklat",120,23000,223,103,Overstock
2021-10-18,Senin,"Bolen Banana",129,23000,133,4,Normal
2021-10-19,Selasa,"Bolen Proltape",35,23000,35,0,Understock
2021-10-20,Rabu,"Bolen Coklat Keju",96,12000,103,7,Normal
2021-10-21,Kamis,"Bolen Cokju (Mini)",73,12000,73,0,Understock
2021-10-22,Jumat,"Bolen Keju (Mini)",147,12000,252,105,Overstock
2021-10-23,Sabtu,"Bolen Pisang Coklat",56,23000,56,0,Understock
2021-10-24,Minggu,"Bolen Coklat",73,23000,78,5,Normal
2021-10-25,Senin,"Bolen Banana",123,23000,159,36,Normal
2021-10-26,Selasa,"Bolen Proltape",35,23000,35,0,Understock
2021-10-27,Rabu,"Bolen Coklat Keju",148,12000,154,6,Normal
2021-10-28,Kamis,"Bolen Cokju (Mini)",70,12000,70,0,Understock
2021-10-29,Jumat,"Bolen Keju (Mini)",134,12000,236,102,Overstock
2021-10-30,Sabtu,"Bolen Pisang Coklat",25,23000,25,0,Understock
2021-10-31,Minggu,"Bolen Coklat",10,23000,27,17,Normal
2021-11-01,Senin,"Bolen Banana",126,23000,126,0,Understock
2021-11-02,Selasa,"Bolen Proltape",134,23000,134,0,Understock
2021-11-03,Rabu,"Bolen Coklat Keju",85,12000,85,0,Understock
2021-11-04,Kamis,"Bolen Cokju (Mini)",24,12000,144,120,Overstock
2021-11-05,Jumat,"Bolen Keju (Mini)",25,12000,29,4,Normal
2021-11-06,Sabtu,"Bolen Pisang Coklat",22,23000,137,115,Overstock
2021-11-07,Minggu,"Bolen Coklat",145,23000,145,0,Understock
2021-11-08,Senin,"Bolen Banana",140,23000,140,0,Understock
2021-11-09,Selasa,"Bolen Proltape",57,23000,57,0,Understock
2021-11-10,Rabu,"Bolen Coklat Keju",27,12000,108,81,Overstock
2021-11-11,Kamis,"Bolen Cokju (Mini)",113,12000,113,0,Understock
2021-11-12,Jumat,"Bolen Keju (Mini)",73,12000,129,56,Overstock
2021-11-13,Sabtu,"Bolen Pisang Coklat",30,23000,155,125,Overstock
2021-11-14,Minggu,"Bolen Coklat",143,23000,143,0,Understock
2021-11-15,Senin,"Bolen Banana",76,23000,76,0,Understock
2021-11-16,Selasa,"Bolen Proltape",90,23000,90,0,Understock
2021-11-17,Rabu,"Bolen Coklat Keju",111,12000,111,0,Understock
2021-11-18,Kamis,"Bolen Cokju (Mini)",86,12000,233,147,Overstock
2021-11-19,Jumat,"Bolen Keju (Mini)",28,12000,28,0,Understock
2021-11-20,Sabtu,"Bolen Pisang Coklat",35,23000,35,0,Understock
2021-11-21,Minggu,"Bolen Coklat",64,23000,131,67,Overstock
2021-11-22,Senin,"Bolen Banana",99,23000,115,16,Normal
2021-11-23,Selasa,"Bolen Proltape",104,23000,104,0,Understock
2021-11-24,Rabu,"Bolen Coklat Keju",122,12000,168,46,Normal
2021-11-25,Kamis,"Bolen Cokju (Mini)",87,12000,221,134,Overstock
2021-11-26,Jumat,"Bolen Keju (Mini)",145,12000,145,0,Understock
2021-11-27,Sabtu,"Bolen Pisang Coklat",86,23000,93,7,Normal
2021-11-28,Minggu,"Bolen Coklat",44,23000,44,0,Understock
2021-11-29,Senin,"Bolen Banana",37,23000,47,10,Normal
2021-11-30,Selasa,"Bolen Proltape",79,23000,79,0,Understock
2021-12-01,Rabu,"Bolen Coklat Keju",63,12000,77,14,Normal
2021-12-02,Kamis,"Bolen Cokju (Mini)",77,12000,160,83,Overstock
2021-12-03,Jumat,"Bolen Keju (Mini)",23,12000,23,0,Understock
2021-12-04,Sabtu,"Bolen Pisang Coklat",118,23000,121,3,Normal
2021-12-05,Minggu,"Bolen Coklat",10,23000,10,0,Understock
2021-12-06,Senin,"Bolen Banana",43,23000,127,84,Overstock
2021-12-07,Selasa,"Bolen Proltape",51,23000,87,36,Normal
2021-12-08,Rabu,"Bolen Coklat Keju",119,12000,184,65,Overstock
2021-12-09,Kamis,"Bolen Cokju (Mini)",29,12000,74,45,Normal
2021-12-10,Jumat,"Bolen Keju (Mini)",48,12000,146,98,Overstock
2021-12-11,Sabtu,"Bolen Pisang Coklat",47,23000,103,56,Overstock
2021-12-12,Minggu,"Bolen Coklat",88,23000,144,56,Overstock
2021-12-13,Senin,"Bolen Banana",101,23000,101,0,Understock
2021-12-14,Selasa,"Bolen Proltape",73,23000,169,96,Overstock
2021-12-15,Rabu,"Bolen Coklat Keju",114,12000,162,48,Normal
2021-12-16,Kamis,"Bolen Cokju (Mini)",49,12000,65,16,Normal
2021-12-17,Jumat,"Bolen Keju (Mini)",51,12000,63,12,Normal
2021-12-18,Sabtu,"Bolen Pisang Coklat",115,23000,115,0,Understock
2021-12-19,Minggu,"Bolen Coklat",95,23000,122,27,Normal
2021-12-20,Senin,"Bolen Banana",73,23000,73,0,Understock
2021-12-21,Selasa,"Bolen Proltape",37,23000,92,55,Overstock
2021-12-22,Rabu,"Bolen Coklat Keju",130,12000,130,0,Understock
2021-12-23,Kamis,"Bolen Cokju (Mini)",127,12000,207,80,Overstock
2021-12-24,Jumat,"Bolen Keju (Mini)",67,12000,67,0,Understock
2021-12-25,Sabtu,"Bolen Pisang Coklat",59,23000,145,86,Overstock
2021-12-26,Minggu,"Bolen Coklat",27,23000,45,18,Normal
2021-12-27,Senin,"Bolen Banana",99,23000,201,102,Overstock
2021-12-28,Selasa,"Bolen Proltape",147,23000,147,0,Understock
2021-12-29,Rabu,"Bolen Coklat Keju",17,12000,17,0,Understock
2021-12-30,Kamis,"Bolen Cokju (Mini)",76,12000,76,0,Understock
2021-12-31,Jumat,"Bolen Keju (Mini)",77,12000,77,0,Understock
2022-01-01,Sabtu,"Bolen Pisang Coklat",121,23000,212,91,Overstock
2022-01-02,Minggu,"Bolen Coklat",121,23000,237,116,Overstock
2022-01-03,Senin,"Bolen Banana",39,23000,163,124,Overstock
2022-01-04,Selasa,"Bolen Proltape",58,23000,58,0,Understock
2022-01-05,Rabu,"Bolen Coklat Keju",121,12000,121,0,Understock
2022-01-06,Kamis,"Bolen Cokju (Mini)",147,12000,292,145,Overstock
2022-01-07,Jumat,"Bolen Keju (Mini)",60,12000,119,59,Overstock
2022-01-08,Sabtu,"Bolen Pisang Coklat",94,23000,229,135,Overstock
2022-01-09,Minggu,"Bolen Coklat",41,23000,61,20,Normal
2022-01-10,Senin,"Bolen Banana",139,23000,139,0,Understock
2022-01-11,Selasa,"Bolen Proltape",114,23000,114,0,Understock
2022-01-12,Rabu,"Bolen Coklat Keju",85,12000,160,75,Overstock
2022-01-13,Kamis,"Bolen Cokju (Mini)",117,12000,216,99,Overstock
2022-01-14,Jumat,"Bolen Keju (Mini)",54,12000,143,89,Overstock
2022-01-15,Sabtu,"Bolen Pisang Coklat",113,23000,164,51,Overstock
2022-01-16,Minggu,"Bolen Coklat",87,23000,87,0,Understock
2022-01-17,Senin,"Bolen Banana",120,23000,159,39,Normal
2022-01-18,Selasa,"Bolen Proltape",92,23000,199,107,Overstock
2022-01-19,Rabu,"Bolen Coklat Keju",64,12000,209,145,Overstock
2022-01-20,Kamis,"Bolen Cokju (Mini)",53,12000,140,87,Overstock
2022-01-21,Jumat,"Bolen Keju (Mini)",141,12000,271,130,Overstock
2022-01-22,Sabtu,"Bolen Pisang Coklat",95,23000,95,0,Understock
2022-01-23,Minggu,"Bolen Coklat",70,23000,149,79,Overstock
2022-01-24,Senin,"Bolen Banana",60,23000,60,0,Understock
2022-01-25,Selasa,"Bolen Proltape",21,23000,21,0,Understock
2022-01-26,Rabu,"Bolen Coklat Keju",131,12000,280,149,Overstock
2022-01-27,Kamis,"Bolen Cokju (Mini)",28,12000,159,131,Overstock
2022-01-28,Jumat,"Bolen Keju (Mini)",59,12000,84,25,Normal
2022-01-29,Sabtu,"Bolen Pisang Coklat",136,23000,205,69,Overstock
2022-01-30,Minggu,"Bolen Coklat",11,23000,61,50,Normal
2022-01-31,Senin,"Bolen Banana",37,23000,52,15,Normal
2022-02-01,Selasa,"Bolen Proltape",55,23000,100,45,Normal
2022-02-02,Rabu,"Bolen Coklat Keju",142,12000,264,122,Overstock
2022-02-03,Kamis,"Bolen Cokju (Mini)",73,12000,81,8,Normal
2022-02-04,Jumat,"Bolen Keju (Mini)",126,12000,126,0,Understock
2022-02-05,Sabtu,"Bolen Pisang Coklat",128,23000,250,122,Overstock
2022-02-06,Minggu,"Bolen Coklat",91,23000,120,29,Normal
2022-02-07,Senin,"Bolen Banana",139,23000,260,121,Overstock
2022-02-08,Selasa,"Bolen Proltape",124,23000,172,48,Normal
2022-02-09,Rabu,"Bolen Coklat Keju",131,12000,278,147,Overstock
2022-02-10,Kamis,"Bolen Cokju (Mini)",73,12000,91,18,Normal
2022-02-11,Jumat,"Bolen Keju (Mini)",143,12000,224,81,Overstock
2022-02-12,Sabtu,"Bolen Pisang Coklat",80,23000,222,142,Overstock
2022-02-13,Minggu,"Bolen Coklat",83,23000,83,0,Understock
2022-02-14,Senin,"Bolen Banana",95,23000,95,0,Understock
2022-02-15,Selasa,"Bolen Proltape",148,23000,148,0,Understock
2022-02-16,Rabu,"Bolen Coklat Keju",48,12000,48,0,Understock
2022-02-17,Kamis,"Bolen Cokju (Mini)",49,12000,108,59,Overstock
2022-02-18,Jumat,"Bolen Keju (Mini)",116,12000,236,120,Overstock
2022-02-19,Sabtu,"Bolen Pisang Coklat",129,23000,206,77,Overstock
2022-02-20,Minggu,"Bolen Coklat",117,23000,266,149,Overstock
2022-02-21,Senin,"Bolen Banana",15,23000,64,49,Normal
2022-02-22,Selasa,"Bolen Proltape",107,23000,203,96,Overstock
2022-02-23,Rabu,"Bolen Coklat Keju",86,12000,113,27,Normal
2022-02-24,Kamis,"Bolen Cokju (Mini)",147,12000,182,35,Normal
2022-02-25,Jumat,"Bolen Keju (Mini)",66,12000,151,85,Overstock
2022-02-26,Sabtu,"Bolen Pisang Coklat",121,23000,221,100,Overstock
2022-02-27,Minggu,"Bolen Coklat",96,23000,198,102,Overstock
2022-02-28,Senin,"Bolen Banana",52,23000,61,9,Normal
2022-03-01,Selasa,"Bolen Proltape",146,23000,146,0,Understock
2022-03-02,Rabu,"Bolen Coklat Keju",110,12000,245,135,Overstock
2022-03-03,Kamis,"Bolen Cokju (Mini)",16,12000,16,0,Understock
2022-03-04,Jumat,"Bolen Keju (Mini)",119,12000,119,0,Understock
2022-03-05,Sabtu,"Bolen Pisang Coklat",128,23000,128,0,Understock
2022-03-06,Minggu,"Bolen Coklat",76,23000,154,78,Overstock
2022-03-07,Senin,"Bolen Banana",126,23000,126,0,Understock
2022-03-08,Selasa,"Bolen Proltape",107,23000,107,0,Understock
2022-03-09,Rabu,"Bolen Coklat Keju",117,12000,117,0,Understock
2022-03-10,Kamis,"Bolen Cokju (Mini)",30,12000,176,146,Overstock
2022-03-11,Jumat,"Bolen Keju (Mini)",148,12000,148,0,Understock
2022-03-12,Sabtu,"Bolen Pisang Coklat",99,23000,99,0,Understock
2022-03-13,Minggu,"Bolen Coklat",27,23000,69,42,Normal
2022-03-14,Senin,"Bolen Banana",20,23000,36,16,Normal
2022-03-15,Selasa,"Bolen Proltape",61,23000,101,40,Normal
2022-03-16,Rabu,"Bolen Coklat Keju",49,12000,49,0,Understock
2022-03-17,Kamis,"Bolen Cokju (Mini)",131,12000,254,123,Overstock
2022-03-18,Jumat,"Bolen Keju (Mini)",65,12000,148,83,Overstock
2022-03-19,Sabtu,"Bolen Pisang Coklat",104,23000,104,0,Understock
2022-03-20,Minggu,"Bolen Coklat",39,23000,50,11,Normal
2022-03-21,Senin,"Bolen Banana",89,23000,89,0,Understock
2022-03-22,Selasa,"Bolen Proltape",16,23000,53,37,Normal
2022-03-23,Rabu,"Bolen Coklat Keju",106,12000,248,142,Overstock
2022-03-24,Kamis,"Bolen Cokju (Mini)",60,12000,60,0,Understock
2022-03-25,Jumat,"Bolen Keju (Mini)",72,12000,72,0,Understock
2022-03-26,Sabtu,"Bolen Pisang Coklat",87,23000,126,39,Normal
2022-03-27,Minggu,"Bolen Coklat",40,23000,77,37,Normal
2022-03-28,Senin,"Bolen Banana",20,23000,125,105,Overstock
2022-03-29,Selasa,"Bolen Proltape",104,23000,104,0,Understock
2022-03-30,Rabu,"Bolen Coklat Keju",97,12000,97,0,Understock
2022-03-31,Kamis,"Bolen Cokju (Mini)",117,12000,124,7,Normal
2022-04-01,Jumat,"Bolen Keju (Mini)",120,12000,161,41,Normal
2022-04-02,Sabtu,"Bolen Pisang Coklat",127,23000,233,106,Overstock
2022-04-03,Minggu,"Bolen Coklat",55,23000,97,42,Normal
2022-04-04,Senin,"Bolen Banana",79,23000,198,119,Overstock
2022-04-05,Selasa,"Bolen Proltape",133,23000,277,144,Overstock
2022-04-06,Rabu,"Bolen Coklat Keju",78,12000,78,0,Understock
2022-04-07,Kamis,"Bolen Cokju (Mini)",72,12000,78,6,Normal
2022-04-08,Jumat,"Bolen Keju (Mini)",81,12000,97,16,Normal
2022-04-09,Sabtu,"Bolen Pisang Coklat",128,23000,264,136,Overstock
2022-04-10,Minggu,"Bolen Coklat",107,23000,107,0,Understock
2022-04-11,Senin,"Bolen Banana",136,23000,148,12,Normal
2022-04-12,Selasa,"Bolen Proltape",134,23000,134,0,Understock
2022-04-13,Rabu,"Bolen Coklat Keju",76,12000,203,127,Overstock
2022-04-14,Kamis,"Bolen Cokju (Mini)",80,12000,197,117,Overstock
2022-04-15,Jumat,"Bolen Keju (Mini)",58,12000,58,0,Understock
2022-04-16,Sabtu,"Bolen Pisang Coklat",114,23000,262,148,Overstock
2022-04-17,Minggu,"Bolen Coklat",71,23000,204,133,Overstock
2022-04-18,Senin,"Bolen Banana",135,23000,188,53,Overstock
2022-04-19,Selasa,"Bolen Proltape",33,23000,33,0,Understock
2022-04-20,Rabu,"Bolen Coklat Keju",113,12000,203,90,Overstock
2022-04-21,Kamis,"Bolen Cokju (Mini)",104,12000,222,118,Overstock
2022-04-22,Jumat,"Bolen Keju (Mini)",98,12000,244,146,Overstock
2022-04-23,Sabtu,"Bolen Pisang Coklat",150,23000,150,0,Understock
2022-04-24,Minggu,"Bolen Coklat",126,23000,126,0,Understock
2022-04-25,Senin,"Bolen Banana",74,23000,74,0,Understock
2022-04-26,Selasa,"Bolen Proltape",59,23000,59,0,Understock
2022-04-27,Rabu,"Bolen Coklat Keju",147,12000,192,45,Normal
2022-04-28,Kamis,"Bolen Cokju (Mini)",57,12000,57,0,Understock
2022-04-29,Jumat,"Bolen Keju (Mini)",133,12000,133,0,Understock
2022-04-30,Sabtu,"Bolen Pisang Coklat",144,23000,207,63,Overstock
2022-05-01,Minggu,"Bolen Coklat",59,23000,59,0,Understock
2022-05-02,Senin,"Bolen Banana",102,23000,102,0,Understock
2022-05-03,Selasa,"Bolen Proltape",13,23000,80,67,Overstock
2022-05-04,Rabu,"Bolen Coklat Keju",80,12000,80,0,Understock
2022-05-05,Kamis,"Bolen Cokju (Mini)",23,12000,163,140,Overstock
2022-05-06,Jumat,"Bolen Keju (Mini)",42,12000,189,147,Overstock
2022-05-07,Sabtu,"Bolen Pisang Coklat",135,23000,135,0,Understock
2022-05-08,Minggu,"Bolen Coklat",13,23000,124,111,Overstock
2022-05-09,Senin,"Bolen Banana",132,23000,206,74,Overstock
2022-05-10,Selasa,"Bolen Proltape",23,23000,23,0,Understock
2022-05-11,Rabu,"Bolen Coklat Keju",132,12000,132,0,Understock
2022-05-12,Kamis,"Bolen Cokju (Mini)",26,12000,86,60,Overstock
2022-05-13,Jumat,"Bolen Keju (Mini)",23,12000,23,0,Understock
2022-05-14,Sabtu,"Bolen Pisang Coklat",87,23000,87,0,Understock
2022-05-15,Minggu,"Bolen Coklat",73,23000,73,0,Understock
2022-05-16,Senin,"Bolen Banana",116,23000,246,130,Overstock
2022-05-17,Selasa,"Bolen Proltape",67,23000,92,25,Normal
2022-05-18,Rabu,"Bolen Coklat Keju",125,12000,145,20,Normal
2022-05-19,Kamis,"Bolen Cokju (Mini)",119,12000,119,0,Understock
2022-05-20,Jumat,"Bolen Keju (Mini)",25,12000,170,145,Overstock
2022-05-21,Sabtu,"Bolen Pisang Coklat",35,23000,49,14,Normal
2022-05-22,Minggu,"Bolen Coklat",64,23000,64,0,Understock
2022-05-23,Senin,"Bolen Banana",30,23000,30,0,Understock
2022-05-24,Selasa,"Bolen Proltape",54,23000,125,71,Overstock
2022-05-25,Rabu,"Bolen Coklat Keju",10,12000,149,139,Overstock
2022-05-26,Kamis,"Bolen Cokju (Mini)",130,12000,130,0,Understock
2022-05-27,Jumat,"Bolen Keju (Mini)",69,12000,69,0,Understock
2022-05-28,Sabtu,"Bolen Pisang Coklat",82,23000,191,109,Overstock
2022-05-29,Minggu,"Bolen Coklat",28,23000,112,84,Overstock
2022-05-30,Senin,"Bolen Banana",60,23000,180,120,Overstock
2022-05-31,Selasa,"Bolen Proltape",67,23000,152,85,Overstock
2022-06-01,Rabu,"Bolen Coklat Keju",46,12000,46,0,Understock
2022-06-02,Kamis,"Bolen Cokju (Mini)",52,12000,91,39,Normal
2022-06-03,Jumat,"Bolen Keju (Mini)",83,12000,193,110,Overstock
2022-06-04,Sabtu,"Bolen Pisang Coklat",87,23000,172,85,Overstock
2022-06-05,Minggu,"Bolen Coklat",138,23000,245,107,Overstock
2022-06-06,Senin,"Bolen Banana",30,23000,136,106,Overstock
2022-06-07,Selasa,"Bolen Proltape",92,23000,146,54,Overstock
2022-06-08,Rabu,"Bolen Coklat Keju",33,12000,33,0,Understock
2022-06-09,Kamis,"Bolen Cokju (Mini)",15,12000,59,44,Normal
2022-06-10,Jumat,"Bolen Keju (Mini)",78,12000,226,148,Overstock
2022-06-11,Sabtu,"Bolen Pisang Coklat",54,23000,188,134,Overstock
2022-06-12,Minggu,"Bolen Coklat",123,23000,135,12,Normal
2022-06-13,Senin,"Bolen Banana",121,23000,234,113,Overstock
2022-06-14,Selasa,"Bolen Proltape",33,23000,136,103,Overstock
2022-06-15,Rabu,"Bolen Coklat Keju",95,12000,95,0,Understock
2022-06-16,Kamis,"Bolen Cokju (Mini)",36,12000,58,22,Normal
2022-06-17,Jumat,"Bolen Keju (Mini)",115,12000,202,87,Overstock
2022-06-18,Sabtu,"Bolen Pisang Coklat",112,23000,148,36,Normal
2022-06-19,Minggu,"Bolen Coklat",19,23000,110,91,Overstock
2022-06-20,Senin,"Bolen Banana",74,23000,74,0,Understock
2022-06-21,Selasa,"Bolen Proltape",113,23000,114,1,Normal
2022-06-22,Rabu,"Bolen Coklat Keju",148,12000,205,57,Overstock
2022-06-23,Kamis,"Bolen Cokju (Mini)",58,12000,188,130,Overstock
2022-06-24,Jumat,"Bolen Keju (Mini)",137,12000,285,148,Overstock
2022-06-25,Sabtu,"Bolen Pisang Coklat",23,23000,23,0,Understock
2022-06-26,Minggu,"Bolen Coklat",150,23000,150,0,Understock
2022-06-27,Senin,"Bolen Banana",83,23000,223,140,Overstock
2022-06-28,Selasa,"Bolen Proltape",134,23000,134,0,Understock
2022-06-29,Rabu,"Bolen Coklat Keju",71,12000,161,90,Overstock
2022-06-30,Kamis,"Bolen Cokju (Mini)",13,12000,75,62,Overstock
2022-07-01,Jumat,"Bolen Keju (Mini)",67,12000,75,8,Normal
2022-07-02,Sabtu,"Bolen Pisang Coklat",128,23000,170,42,Normal
2022-07-03,Minggu,"Bolen Coklat",49,23000,191,142,Overstock
2022-07-04,Senin,"Bolen Banana",84,23000,169,85,Overstock
2022-07-05,Selasa,"Bolen Proltape",116,23000,147,31,Normal
2022-07-06,Rabu,"Bolen Coklat Keju",72,12000,141,69,Overstock
2022-07-07,Kamis,"Bolen Cokju (Mini)",108,12000,108,0,Understock
2022-07-08,Jumat,"Bolen Keju (Mini)",140,12000,149,9,Normal
2022-07-09,Sabtu,"Bolen Pisang Coklat",27,23000,27,0,Understock
2022-07-10,Minggu,"Bolen Coklat",116,23000,116,0,Understock
2022-07-11,Senin,"Bolen Banana",139,23000,139,0,Understock
2022-07-12,Selasa,"Bolen Proltape",10,23000,10,0,Understock
2022-07-13,Rabu,"Bolen Coklat Keju",86,12000,124,38,Normal
2022-07-14,Kamis,"Bolen Cokju (Mini)",135,12000,164,29,Normal
2022-07-15,Jumat,"Bolen Keju (Mini)",147,12000,240,93,Overstock
2022-07-16,Sabtu,"Bolen Pisang Coklat",149,23000,241,92,Overstock
2022-07-17,Minggu,"Bolen Coklat",58,23000,74,16,Normal
2022-07-18,Senin,"Bolen Banana",108,23000,108,0,Understock
2022-07-19,Selasa,"Bolen Proltape",115,23000,115,0,Understock
2022-07-20,Rabu,"Bolen Coklat Keju",131,12000,230,99,Overstock
2022-07-21,Kamis,"Bolen Cokju (Mini)",108,12000,150,42,Normal
2022-07-22,Jumat,"Bolen Keju (Mini)",48,12000,103,55,Overstock
2022-07-23,Sabtu,"Bolen Pisang Coklat",42,23000,168,126,Overstock
2022-07-24,Minggu,"Bolen Coklat",94,23000,123,29,Normal
2022-07-25,Senin,"Bolen Banana",35,23000,144,109,Overstock
2022-07-26,Selasa,"Bolen Proltape",13,23000,40,27,Normal
2022-07-27,Rabu,"Bolen Coklat Keju",49,12000,49,0,Understock
2022-07-28,Kamis,"Bolen Cokju (Mini)",77,12000,77,0,Understock
2022-07-29,Jumat,"Bolen Keju (Mini)",111,12000,204,93,Overstock
2022-07-30,Sabtu,"Bolen Pisang Coklat",146,23000,237,91,Overstock
2022-07-31,Minggu,"Bolen Coklat",134,23000,137,3,Normal
2022-08-01,Senin,"Bolen Banana",27,23000,27,0,Understock
2022-08-02,Selasa,"Bolen Proltape",83,23000,131,48,Normal
2022-08-03,Rabu,"Bolen Coklat Keju",33,12000,96,63,Overstock
2022-08-04,Kamis,"Bolen Cokju (Mini)",35,12000,174,139,Overstock
2022-08-05,Jumat,"Bolen Keju (Mini)",86,12000,89,3,Normal
2022-08-06,Sabtu,"Bolen Pisang Coklat",93,23000,112,19,Normal
2022-08-07,Minggu,"Bolen Coklat",101,23000,170,69,Overstock
2022-08-08,Senin,"Bolen Banana",72,23000,195,123,Overstock
2022-08-09,Selasa,"Bolen Proltape",56,23000,56,0,Understock
2022-08-10,Rabu,"Bolen Coklat Keju",30,12000,129,99,Overstock
2022-08-11,Kamis,"Bolen Cokju (Mini)",71,12000,196,125,Overstock
2022-08-12,Jumat,"Bolen Keju (Mini)",46,12000,46,0,Understock
2022-08-13,Sabtu,"Bolen Pisang Coklat",75,23000,211,136,Overstock
2022-08-14,Minggu,"Bolen Coklat",12,23000,42,30,Normal
2022-08-15,Senin,"Bolen Banana",83,23000,154,71,Overstock
2022-08-16,Selasa,"Bolen Proltape",28,23000,123,95,Overstock
2022-08-17,Rabu,"Bolen Coklat Keju",86,12000,191,105,Overstock
2022-08-18,Kamis,"Bolen Cokju (Mini)",74,12000,163,89,Overstock
2022-08-19,Jumat,"Bolen Keju (Mini)",60,12000,91,31,Normal
2022-08-20,Sabtu,"Bolen Pisang Coklat",37,23000,37,0,Understock
2022-08-21,Minggu,"Bolen Coklat",101,23000,241,140,Overstock
2022-08-22,Senin,"Bolen Banana",85,23000,85,0,Understock
2022-08-23,Selasa,"Bolen Proltape",111,23000,111,0,Understock
2022-08-24,Rabu,"Bolen Coklat Keju",22,12000,70,48,Normal
2022-08-25,Kamis,"Bolen Cokju (Mini)",137,12000,156,19,Normal
2022-08-26,Jumat,"Bolen Keju (Mini)",68,12000,164,96,Overstock
2022-08-27,Sabtu,"Bolen Pisang Coklat",66,23000,196,130,Overstock
2022-08-28,Minggu,"Bolen Coklat",74,23000,217,143,Overstock
2022-08-29,Senin,"Bolen Banana",45,23000,176,131,Overstock
2022-08-30,Selasa,"Bolen Proltape",20,23000,20,0,Understock
2022-08-31,Rabu,"Bolen Coklat Keju",122,12000,122,0,Understock
2022-09-01,Kamis,"Bolen Cokju (Mini)",103,12000,109,6,Normal
2022-09-02,Jumat,"Bolen Keju (Mini)",85,12000,85,0,Understock
2022-09-03,Sabtu,"Bolen Pisang Coklat",116,23000,116,0,Understock
2022-09-04,Minggu,"Bolen Coklat",43,23000,67,24,Normal
2022-09-05,Senin,"Bolen Banana",145,23000,230,85,Overstock
2022-09-06,Selasa,"Bolen Proltape",52,23000,52,0,Understock
2022-09-07,Rabu,"Bolen Coklat Keju",133,12000,152,19,Normal
2022-09-08,Kamis,"Bolen Cokju (Mini)",96,12000,126,30,Normal
2022-09-09,Jumat,"Bolen Keju (Mini)",29,12000,29,0,Understock
2022-09-10,Sabtu,"Bolen Pisang Coklat",67,23000,114,47,Normal
2022-09-11,Minggu,"Bolen Coklat",111,23000,147,36,Normal
2022-09-12,Senin,"Bolen Banana",103,23000,103,0,Understock
2022-09-13,Selasa,"Bolen Proltape",111,23000,111,0,Understock
2022-09-14,Rabu,"Bolen Coklat Keju",147,12000,147,0,Understock
2022-09-15,Kamis,"Bolen Cokju (Mini)",104,12000,241,137,Overstock
2022-09-16,Jumat,"Bolen Keju (Mini)",77,12000,209,132,Overstock
2022-09-17,Sabtu,"Bolen Pisang Coklat",105,23000,105,0,Understock
2022-09-18,Minggu,"Bolen Coklat",69,23000,199,130,Overstock
2022-09-19,Senin,"Bolen Banana",93,23000,108,15,Normal
2022-09-20,Selasa,"Bolen Proltape",26,23000,136,110,Overstock
2022-09-21,Rabu,"Bolen Coklat Keju",87,12000,152,65,Overstock
2022-09-22,Kamis,"Bolen Cokju (Mini)",45,12000,45,0,Understock
2022-09-23,Jumat,"Bolen Keju (Mini)",19,12000,19,0,Understock
2022-09-24,Sabtu,"Bolen Pisang Coklat",136,23000,136,0,Understock
2022-09-25,Minggu,"Bolen Coklat",70,23000,79,9,Normal
2022-09-26,Senin,"Bolen Banana",109,23000,245,136,Overstock
2022-09-27,Selasa,"Bolen Proltape",148,23000,294,146,Overstock
2022-09-28,Rabu,"Bolen Coklat Keju",49,12000,91,42,Normal
2022-09-29,Kamis,"Bolen Cokju (Mini)",35,12000,75,40,Normal
2022-09-30,Jumat,"Bolen Keju (Mini)",114,12000,132,18,Normal
2022-10-01,Sabtu,"Bolen Pisang Coklat",18,23000,96,78,Overstock
2022-10-02,Minggu,"Bolen Coklat",123,23000,204,81,Overstock
2022-10-03,Senin,"Bolen Banana",102,23000,102,0,Understock
2022-10-04,Selasa,"Bolen Proltape",104,23000,237,133,Overstock
2022-10-05,Rabu,"Bolen Coklat Keju",101,12000,101,0,Understock
2022-10-06,Kamis,"Bolen Cokju (Mini)",80,12000,80,0,Understock
2022-10-07,Jumat,"Bolen Keju (Mini)",41,12000,71,30,Normal
2022-10-08,Sabtu,"Bolen Pisang Coklat",33,23000,166,133,Overstock
2022-10-09,Minggu,"Bolen Coklat",15,23000,15,0,Understock
2022-10-10,Senin,"Bolen Banana",95,23000,95,0,Understock
2022-10-11,Selasa,"Bolen Proltape",42,23000,56,14,Normal
2022-10-12,Rabu,"Bolen Coklat Keju",27,12000,63,36,Normal
2022-10-13,Kamis,"Bolen Cokju (Mini)",63,12000,143,80,Overstock
2022-10-14,Jumat,"Bolen Keju (Mini)",94,12000,133,39,Normal
2022-10-15,Sabtu,"Bolen Pisang Coklat",10,23000,10,0,Understock
2022-10-16,Minggu,"Bolen Coklat",47,23000,82,35,Normal
2022-10-17,Senin,"Bolen Banana",74,23000,82,8,Normal
2022-10-18,Selasa,"Bolen Proltape",16,23000,16,0,Understock
2022-10-19,Rabu,"Bolen Coklat Keju",101,12000,117,16,Normal
2022-10-20,Kamis,"Bolen Cokju (Mini)",92,12000,92,0,Understock
2022-10-21,Jumat,"Bolen Keju (Mini)",77,12000,77,0,Understock
2022-10-22,Sabtu,"Bolen Pisang Coklat",117,23000,263,146,Overstock
2022-10-23,Minggu,"Bolen Coklat",26,23000,176,150,Overstock
2022-10-24,Senin,"Bolen Banana",102,23000,166,64,Overstock
2022-10-25,Selasa,"Bolen Proltape",125,23000,254,129,Overstock
2022-10-26,Rabu,"Bolen Coklat Keju",21,12000,64,43,Normal
2022-10-27,Kamis,"Bolen Cokju (Mini)",143,12000,143,0,Understock
2022-10-28,Jumat,"Bolen Keju (Mini)",17,12000,17,0,Understock
2022-10-29,Sabtu,"Bolen Pisang Coklat",132,23000,160,28,Normal
2022-10-30,Minggu,"Bolen Coklat",37,23000,144,107,Overstock
2022-10-31,Senin,"Bolen Banana",28,23000,49,21,Normal
2022-11-01,Selasa,"Bolen Proltape",47,23000,47,0,Understock
2022-11-02,Rabu,"Bolen Coklat Keju",80,12000,205,125,Overstock
2022-11-03,Kamis,"Bolen Cokju (Mini)",150,12000,175,25,Normal
2022-11-04,Jumat,"Bolen Keju (Mini)",145,12000,145,0,Understock
2022-11-05,Sabtu,"Bolen Pisang Coklat",139,23000,202,63,Overstock
2022-11-06,Minggu,"Bolen Coklat",39,23000,81,42,Normal
2022-11-07,Senin,"Bolen Banana",65,23000,145,80,Overstock
2022-11-08,Selasa,"Bolen Proltape",115,23000,115,0,Understock
2022-11-09,Rabu,"Bolen Coklat Keju",126,12000,270,144,Overstock
2022-11-10,Kamis,"Bolen Cokju (Mini)",34,12000,34,0,Understock
2022-11-11,Jumat,"Bolen Keju (Mini)",90,12000,188,98,Overstock
2022-11-12,Sabtu,"Bolen Pisang Coklat",49,23000,160,111,Overstock
2022-11-13,Minggu,"Bolen Coklat",27,23000,27,0,Understock
2022-11-14,Senin,"Bolen Banana",31,23000,31,0,Understock
2022-11-15,Selasa,"Bolen Proltape",34,23000,58,24,Normal
2022-11-16,Rabu,"Bolen Coklat Keju",43,12000,169,126,Overstock
2022-11-17,Kamis,"Bolen Cokju (Mini)",94,12000,197,103,Overstock
2022-11-18,Jumat,"Bolen Keju (Mini)",100,12000,149,49,Normal
2022-11-19,Sabtu,"Bolen Pisang Coklat",118,23000,165,47,Normal
2022-11-20,Minggu,"Bolen Coklat",23,23000,62,39,Normal
2022-11-21,Senin,"Bolen Banana",89,23000,213,124,Overstock
2022-11-22,Selasa,"Bolen Proltape",139,23000,139,0,Understock
2022-11-23,Rabu,"Bolen Coklat Keju",133,12000,133,0,Understock
2022-11-24,Kamis,"Bolen Cokju (Mini)",37,12000,159,122,Overstock
2022-11-25,Jumat,"Bolen Keju (Mini)",104,12000,104,0,Understock
2022-11-26,Sabtu,"Bolen Pisang Coklat",81,23000,186,105,Overstock
2022-11-27,Minggu,"Bolen Coklat",16,23000,151,135,Overstock
2022-11-28,Senin,"Bolen Banana",78,23000,78,0,Understock
2022-11-29,Selasa,"Bolen Proltape",79,23000,169,90,Overstock
2022-11-30,Rabu,"Bolen Coklat Keju",96,12000,170,74,Overstock
2022-12-01,Kamis,"Bolen Cokju (Mini)",46,12000,148,102,Overstock
2022-12-02,Jumat,"Bolen Keju (Mini)",27,12000,27,0,Understock
2022-12-03,Sabtu,"Bolen Pisang Coklat",17,23000,17,0,Understock
2022-12-04,Minggu,"Bolen Coklat",145,23000,145,0,Understock
2022-12-05,Senin,"Bolen Banana",117,23000,188,71,Overstock
2022-12-06,Selasa,"Bolen Proltape",104,23000,104,0,Understock
2022-12-07,Rabu,"Bolen Coklat Keju",93,12000,130,37,Normal
2022-12-08,Kamis,"Bolen Cokju (Mini)",31,12000,41,10,Normal
2022-12-09,Jumat,"Bolen Keju (Mini)",50,12000,54,4,Normal
2022-12-10,Sabtu,"Bolen Pisang Coklat",30,23000,30,0,Understock
2022-12-11,Minggu,"Bolen Coklat",118,23000,225,107,Overstock
2022-12-12,Senin,"Bolen Banana",116,23000,116,0,Understock
2022-12-13,Selasa,"Bolen Proltape",141,23000,141,0,Understock
2022-12-14,Rabu,"Bolen Coklat Keju",120,12000,120,0,Understock
2022-12-15,Kamis,"Bolen Cokju (Mini)",134,12000,224,90,Overstock
2022-12-16,Jumat,"Bolen Keju (Mini)",21,12000,21,0,Understock
2022-12-17,Sabtu,"Bolen Pisang Coklat",24,23000,24,0,Understock
2022-12-18,Minggu,"Bolen Coklat",87,23000,137,50,Normal
2022-12-19,Senin,"Bolen Banana",45,23000,64,19,Normal
2022-12-20,Selasa,"Bolen Proltape",93,23000,93,0,Understock
2022-12-21,Rabu,"Bolen Coklat Keju",137,12000,149,12,Normal
2022-12-22,Kamis,"Bolen Cokju (Mini)",43,12000,184,141,Overstock
2022-12-23,Jumat,"Bolen Keju (Mini)",68,12000,204,136,Overstock
2022-12-24,Sabtu,"Bolen Pisang Coklat",100,23000,100,0,Understock
2022-12-25,Minggu,"Bolen Coklat",20,23000,129,109,Overstock
2022-12-26,Senin,"Bolen Banana",29,23000,66,37,Normal
2022-12-27,Selasa,"Bolen Proltape",119,23000,260,141,Overstock
2022-12-28,Rabu,"Bolen Coklat Keju",116,12000,116,0,Understock
2022-12-29,Kamis,"Bolen Cokju (Mini)",113,12000,113,0,Understock
2022-12-30,Jumat,"Bolen Keju (Mini)",93,12000,93,0,Understock
2022-12-31,Sabtu,"Bolen Pisang Coklat",127,23000,151,24,Normal
2023-01-01,Minggu,"Bolen Coklat",32,23000,96,64,Overstock
2023-01-02,Senin,"Bolen Banana",72,23000,174,102,Overstock
2023-01-03,Selasa,"Bolen Proltape",144,23000,144,0,Understock
2023-01-04,Rabu,"Bolen Coklat Keju",89,12000,104,15,Normal
2023-01-05,Kamis,"Bolen Cokju (Mini)",95,12000,100,5,Normal
2023-01-06,Jumat,"Bolen Keju (Mini)",140,12000,258,118,Overstock
2023-01-07,Sabtu,"Bolen Pisang Coklat",140,23000,140,0,Understock
2023-01-08,Minggu,"Bolen Coklat",99,23000,232,133,Overstock
2023-01-09,Senin,"Bolen Banana",47,23000,47,0,Understock
2023-01-10,Selasa,"Bolen Proltape",47,23000,47,0,Understock
2023-01-11,Rabu,"Bolen Coklat Keju",54,12000,202,148,Overstock
2023-01-12,Kamis,"Bolen Cokju (Mini)",29,12000,29,0,Understock
2023-01-13,Jumat,"Bolen Keju (Mini)",136,12000,259,123,Overstock
2023-01-14,Sabtu,"Bolen Pisang Coklat",124,23000,247,123,Overstock
2023-01-15,Minggu,"Bolen Coklat",92,23000,133,41,Normal
2023-01-16,Senin,"Bolen Banana",90,23000,90,0,Understock
2023-01-17,Selasa,"Bolen Proltape",27,23000,158,131,Overstock
2023-01-18,Rabu,"Bolen Coklat Keju",87,12000,125,38,Normal
2023-01-19,Kamis,"Bolen Cokju (Mini)",24,12000,84,60,Overstock
2023-01-20,Jumat,"Bolen Keju (Mini)",89,12000,144,55,Overstock
2023-01-21,Sabtu,"Bolen Pisang Coklat",24,23000,111,87,Overstock
2023-01-22,Minggu,"Bolen Coklat",29,23000,91,62,Overstock
2023-01-23,Senin,"Bolen Banana",139,23000,264,125,Overstock
2023-01-24,Selasa,"Bolen Proltape",20,23000,144,124,Overstock
2023-01-25,Rabu,"Bolen Coklat Keju",58,12000,58,0,Understock
2023-01-26,Kamis,"Bolen Cokju (Mini)",131,12000,189,58,Overstock
2023-01-27,Jumat,"Bolen Keju (Mini)",125,12000,125,0,Understock
2023-01-28,Sabtu,"Bolen Pisang Coklat",97,23000,103,6,Normal
2023-01-29,Minggu,"Bolen Coklat",139,23000,195,56,Overstock
2023-01-30,Senin,"Bolen Banana",73,23000,180,107,Overstock
2023-01-31,Selasa,"Bolen Proltape",144,23000,215,71,Overstock
2023-02-01,Rabu,"Bolen Coklat Keju",103,12000,190,87,Overstock
2023-02-02,Kamis,"Bolen Cokju (Mini)",109,12000,203,94,Overstock
2023-02-03,Jumat,"Bolen Keju (Mini)",23,12000,65,42,Normal
2023-02-04,Sabtu,"Bolen Pisang Coklat",95,23000,95,0,Understock
2023-02-05,Minggu,"Bolen Coklat",34,23000,134,100,Overstock
2023-02-06,Senin,"Bolen Banana",82,23000,82,0,Understock
2023-02-07,Selasa,"Bolen Proltape",48,23000,48,0,Understock
2023-02-08,Rabu,"Bolen Coklat Keju",46,12000,66,20,Normal
2023-02-09,Kamis,"Bolen Cokju (Mini)",110,12000,110,0,Understock
2023-02-10,Jumat,"Bolen Keju (Mini)",31,12000,31,0,Understock
2023-02-11,Sabtu,"Bolen Pisang Coklat",106,23000,199,93,Overstock
2023-02-12,Minggu,"Bolen Coklat",42,23000,187,145,Overstock
2023-02-13,Senin,"Bolen Banana",144,23000,144,0,Understock
2023-02-14,Selasa,"Bolen Proltape",118,23000,171,53,Overstock
2023-02-15,Rabu,"Bolen Coklat Keju",102,12000,102,0,Understock
2023-02-16,Kamis,"Bolen Cokju (Mini)",64,12000,213,149,Overstock
2023-02-17,Jumat,"Bolen Keju (Mini)",134,12000,134,0,Understock
2023-02-18,Sabtu,"Bolen Pisang Coklat",45,23000,45,0,Understock
2023-02-19,Minggu,"Bolen Coklat",85,23000,92,7,Normal
2023-02-20,Senin,"Bolen Banana",139,23000,187,48,Normal
2023-02-21,Selasa,"Bolen Proltape",144,23000,144,0,Understock
2023-02-22,Rabu,"Bolen Coklat Keju",96,12000,136,40,Normal
2023-02-23,Kamis,"Bolen Cokju (Mini)",43,12000,113,70,Overstock
2023-02-24,Jumat,"Bolen Keju (Mini)",51,12000,51,0,Understock
2023-02-25,Sabtu,"Bolen Pisang Coklat",52,23000,55,3,Normal
2023-02-26,Minggu,"Bolen Coklat",115,23000,258,143,Overstock
2023-02-27,Senin,"Bolen Banana",70,23000,110,40,Normal
2023-02-28,Selasa,"Bolen Proltape",82,23000,111,29,Normal
2023-03-01,Rabu,"Bolen Coklat Keju",69,12000,159,90,Overstock
2023-03-02,Kamis,"Bolen Cokju (Mini)",130,12000,143,13,Normal
2023-03-03,Jumat,"Bolen Keju (Mini)",104,12000,228,124,Overstock
2023-03-04,Sabtu,"Bolen Pisang Coklat",122,23000,209,87,Overstock
2023-03-05,Minggu,"Bolen Coklat",107,23000,211,104,Overstock
2023-03-06,Senin,"Bolen Banana",51,23000,90,39,Normal
2023-03-07,Selasa,"Bolen Proltape",45,23000,49,4,Normal
2023-03-08,Rabu,"Bolen Coklat Keju",133,12000,169,36,Normal
2023-03-09,Kamis,"Bolen Cokju (Mini)",36,12000,70,34,Normal
2023-03-10,Jumat,"Bolen Keju (Mini)",41,12000,41,0,Understock
2023-03-11,Sabtu,"Bolen Pisang Coklat",51,23000,51,0,Understock
2023-03-12,Minggu,"Bolen Coklat",141,23000,141,0,Understock
2023-03-13,Senin,"Bolen Banana",121,23000,121,0,Understock
2023-03-14,Selasa,"Bolen Proltape",66,23000,89,23,Normal
2023-03-15,Rabu,"Bolen Coklat Keju",16,12000,117,101,Overstock
2023-03-16,Kamis,"Bolen Cokju (Mini)",138,12000,238,100,Overstock
2023-03-17,Jumat,"Bolen Keju (Mini)",30,12000,84,54,Overstock
2023-03-18,Sabtu,"Bolen Pisang Coklat",91,23000,137,46,Normal
2023-03-19,Minggu,"Bolen Coklat",95,23000,104,9,Normal
2023-03-20,Senin,"Bolen Banana",19,23000,19,0,Understock
2023-03-21,Selasa,"Bolen Proltape",130,23000,198,68,Overstock
2023-03-22,Rabu,"Bolen Coklat Keju",130,12000,181,51,Overstock
2023-03-23,Kamis,"Bolen Cokju (Mini)",30,12000,30,0,Understock
2023-03-24,Jumat,"Bolen Keju (Mini)",65,12000,101,36,Normal
2023-03-25,Sabtu,"Bolen Pisang Coklat",145,23000,295,150,Overstock
2023-03-26,Minggu,"Bolen Coklat",83,23000,83,0,Understock
2023-03-27,Senin,"Bolen Banana",41,23000,41,0,Understock
2023-03-28,Selasa,"Bolen Proltape",117,23000,247,130,Overstock
2023-03-29,Rabu,"Bolen Coklat Keju",127,12000,127,0,Understock
2023-03-30,Kamis,"Bolen Cokju (Mini)",137,12000,190,53,Overstock
2023-03-31,Jumat,"Bolen Keju (Mini)",141,12000,283,142,Overstock
2023-04-01,Sabtu,"Bolen Pisang Coklat",46,23000,46,0,Understock
2023-04-02,Minggu,"Bolen Coklat",10,23000,91,81,Overstock
2023-04-03,Senin,"Bolen Banana",116,23000,116,0,Understock
2023-04-04,Selasa,"Bolen Proltape",31,23000,128,97,Overstock
2023-04-05,Rabu,"Bolen Coklat Keju",27,12000,62,35,Normal
2023-04-06,Kamis,"Bolen Cokju (Mini)",139,12000,172,33,Normal
2023-04-07,Jumat,"Bolen Keju (Mini)",15,12000,126,111,Overstock
2023-04-08,Sabtu,"Bolen Pisang Coklat",21,23000,119,98,Overstock
2023-04-09,Minggu,"Bolen Coklat",74,23000,97,23,Normal
2023-04-10,Senin,"Bolen Banana",27,23000,171,144,Overstock
2023-04-11,Selasa,"Bolen Proltape",36,23000,84,48,Normal
2023-04-12,Rabu,"Bolen Coklat Keju",95,12000,95,0,Understock
2023-04-13,Kamis,"Bolen Cokju (Mini)",100,12000,233,133,Overstock
2023-04-14,Jumat,"Bolen Keju (Mini)",54,12000,98,44,Normal
2023-04-15,Sabtu,"Bolen Pisang Coklat",128,23000,159,31,Normal
2023-04-16,Minggu,"Bolen Coklat",56,23000,61,5,Normal
2023-04-17,Senin,"Bolen Banana",127,23000,127,0,Understock
2023-04-18,Selasa,"Bolen Proltape",61,23000,61,0,Understock
2023-04-19,Rabu,"Bolen Coklat Keju",61,12000,82,21,Normal
2023-04-20,Kamis,"Bolen Cokju (Mini)",89,12000,209,120,Overstock
2023-04-21,Jumat,"Bolen Keju (Mini)",131,12000,131,0,Understock
2023-04-22,Sabtu,"Bolen Pisang Coklat",58,23000,58,0,Understock
2023-04-23,Minggu,"Bolen Coklat",22,23000,44,22,Normal
2023-04-24,Senin,"Bolen Banana",79,23000,79,0,Understock
2023-04-25,Selasa,"Bolen Proltape",104,23000,206,102,Overstock
2023-04-26,Rabu,"Bolen Coklat Keju",122,12000,147,25,Normal
2023-04-27,Kamis,"Bolen Cokju (Mini)",96,12000,128,32,Normal
2023-04-28,Jumat,"Bolen Keju (Mini)",137,12000,254,117,Overstock
2023-04-29,Sabtu,"Bolen Pisang Coklat",78,23000,125,47,Normal
2023-04-30,Minggu,"Bolen Coklat",118,23000,118,0,Understock
2023-05-01,Senin,"Bolen Banana",56,23000,148,92,Overstock
2023-05-02,Selasa,"Bolen Proltape",36,23000,36,0,Understock
2023-05-03,Rabu,"Bolen Coklat Keju",85,12000,85,0,Understock
2023-05-04,Kamis,"Bolen Cokju (Mini)",119,12000,119,0,Understock
2023-05-05,Jumat,"Bolen Keju (Mini)",123,12000,179,56,Overstock
2023-05-06,Sabtu,"Bolen Pisang Coklat",100,23000,206,106,Overstock
2023-05-07,Minggu,"Bolen Coklat",80,23000,138,58,Overstock
2023-05-08,Senin,"Bolen Banana",29,23000,131,102,Overstock
2023-05-09,Selasa,"Bolen Proltape",103,23000,249,146,Overstock
2023-05-10,Rabu,"Bolen Coklat Keju",50,12000,60,10,Normal
2023-05-11,Kamis,"Bolen Cokju (Mini)",122,12000,122,0,Understock
2023-05-12,Jumat,"Bolen Keju (Mini)",27,12000,27,0,Understock
2023-05-13,Sabtu,"Bolen Pisang Coklat",103,23000,226,123,Overstock
2023-05-14,Minggu,"Bolen Coklat",18,23000,155,137,Overstock
2023-05-15,Senin,"Bolen Banana",125,23000,149,24,Normal
2023-05-16,Selasa,"Bolen Proltape",123,23000,160,37,Normal
2023-05-17,Rabu,"Bolen Coklat Keju",45,12000,146,101,Overstock
2023-05-18,Kamis,"Bolen Cokju (Mini)",90,12000,172,82,Overstock
2023-05-19,Jumat,"Bolen Keju (Mini)",39,12000,39,0,Understock
2023-05-20,Sabtu,"Bolen Pisang Coklat",57,23000,157,100,Overstock
2023-05-21,Minggu,"Bolen Coklat",40,23000,40,0,Understock
2023-05-22,Senin,"Bolen Banana",76,23000,154,78,Overstock
2023-05-23,Selasa,"Bolen Proltape",83,23000,196,113,Overstock
2023-05-24,Rabu,"Bolen Coklat Keju",61,12000,61,0,Understock
2023-05-25,Kamis,"Bolen Cokju (Mini)",28,12000,170,142,Overstock
2023-05-26,Jumat,"Bolen Keju (Mini)",123,12000,167,44,Normal
2023-05-27,Sabtu,"Bolen Pisang Coklat",91,23000,232,141,Overstock
2023-05-28,Minggu,"Bolen Coklat",26,23000,114,88,Overstock
2023-05-29,Senin,"Bolen Banana",86,23000,132,46,Normal
2023-05-30,Selasa,"Bolen Proltape",54,23000,87,33,Normal
2023-05-31,Rabu,"Bolen Coklat Keju",67,12000,67,0,Understock
2023-06-01,Kamis,"Bolen Cokju (Mini)",61,12000,77,16,Normal
2023-06-02,Jumat,"Bolen Keju (Mini)",136,12000,136,0,Understock
2023-06-03,Sabtu,"Bolen Pisang Coklat",104,23000,225,121,Overstock
2023-06-04,Minggu,"Bolen Coklat",43,23000,105,62,Overstock
2023-06-05,Senin,"Bolen Banana",26,23000,26,0,Understock
2023-06-06,Selasa,"Bolen Proltape",132,23000,281,149,Overstock
2023-06-07,Rabu,"Bolen Coklat Keju",114,12000,119,5,Normal
2023-06-08,Kamis,"Bolen Cokju (Mini)",42,12000,84,42,Normal
2023-06-09,Jumat,"Bolen Keju (Mini)",28,12000,166,138,Overstock
2023-06-10,Sabtu,"Bolen Pisang Coklat",142,23000,292,150,Overstock
2023-06-11,Minggu,"Bolen Coklat",56,23000,65,9,Normal
2023-06-12,Senin,"Bolen Banana",120,23000,178,58,Overstock
2023-06-13,Selasa,"Bolen Proltape",41,23000,130,89,Overstock
2023-06-14,Rabu,"Bolen Coklat Keju",52,12000,52,0,Understock
2023-06-15,Kamis,"Bolen Cokju (Mini)",67,12000,184,117,Overstock
2023-06-16,Jumat,"Bolen Keju (Mini)",82,12000,99,17,Normal
2023-06-17,Sabtu,"Bolen Pisang Coklat",60,23000,181,121,Overstock
2023-06-18,Minggu,"Bolen Coklat",80,23000,80,0,Understock
2023-06-19,Senin,"Bolen Banana",87,23000,149,62,Overstock
2023-06-20,Selasa,"Bolen Proltape",138,23000,264,126,Overstock
2023-06-21,Rabu,"Bolen Coklat Keju",49,12000,49,0,Understock
2023-06-22,Kamis,"Bolen Cokju (Mini)",96,12000,133,37,Normal
2023-06-23,Jumat,"Bolen Keju (Mini)",20,12000,22,2,Normal
2023-06-24,Sabtu,"Bolen Pisang Coklat",30,23000,30,0,Understock
2023-06-25,Minggu,"Bolen Coklat",77,23000,226,149,Overstock
2023-06-26,Senin,"Bolen Banana",116,23000,170,54,Overstock
2023-06-27,Selasa,"Bolen Proltape",137,23000,172,35,Normal
2023-06-28,Rabu,"Bolen Coklat Keju",84,12000,173,89,Overstock
2023-06-29,Kamis,"Bolen Cokju (Mini)",133,12000,133,0,Understock
2023-06-30,Jumat,"Bolen Keju (Mini)",113,12000,113,0,Understock
2023-07-01,Sabtu,"Bolen Pisang Coklat",28,23000,99,71,Overstock
2023-07-02,Minggu,"Bolen Coklat",122,23000,232,110,Overstock
2023-07-03,Senin,"Bolen Banana",62,23000,131,69,Overstock
2023-07-04,Selasa,"Bolen Proltape",90,23000,111,21,Normal
2023-07-05,Rabu,"Bolen Coklat Keju",98,12000,107,9,Normal
2023-07-06,Kamis,"Bolen Cokju (Mini)",104,12000,168,64,Overstock
2023-07-07,Jumat,"Bolen Keju (Mini)",91,12000,91,0,Understock
2023-07-08,Sabtu,"Bolen Pisang Coklat",41,23000,41,0,Understock
2023-07-09,Minggu,"Bolen Coklat",73,23000,73,0,Understock
2023-07-10,Senin,"Bolen Banana",22,23000,22,0,Understock
2023-07-11,Selasa,"Bolen Proltape",108,23000,135,27,Normal
2023-07-12,Rabu,"Bolen Coklat Keju",73,12000,84,11,Normal
2023-07-13,Kamis,"Bolen Cokju (Mini)",93,12000,140,47,Normal
2023-07-14,Jumat,"Bolen Keju (Mini)",90,12000,90,0,Understock
2023-07-15,Sabtu,"Bolen Pisang Coklat",50,23000,166,116,Overstock
2023-07-16,Minggu,"Bolen Coklat",129,23000,219,90,Overstock
2023-07-17,Senin,"Bolen Banana",137,23000,137,0,Understock
2023-07-18,Selasa,"Bolen Proltape",110,23000,191,81,Overstock
2023-07-19,Rabu,"Bolen Coklat Keju",65,12000,122,57,Overstock
2023-07-20,Kamis,"Bolen Cokju (Mini)",22,12000,22,0,Understock
2023-07-21,Jumat,"Bolen Keju (Mini)",130,12000,130,0,Understock
2023-07-22,Sabtu,"Bolen Pisang Coklat",12,23000,40,28,Normal
2023-07-23,Minggu,"Bolen Coklat",44,23000,91,47,Normal
2023-07-24,Senin,"Bolen Banana",103,23000,127,24,Normal
2023-07-25,Selasa,"Bolen Proltape",21,23000,144,123,Overstock
2023-07-26,Rabu,"Bolen Coklat Keju",59,12000,146,87,Overstock
2023-07-27,Kamis,"Bolen Cokju (Mini)",28,12000,136,108,Overstock
2023-07-28,Jumat,"Bolen Keju (Mini)",150,12000,150,0,Understock
2023-07-29,Sabtu,"Bolen Pisang Coklat",40,23000,40,0,Understock
2023-07-30,Minggu,"Bolen Coklat",34,23000,128,94,Overstock
2023-07-31,Senin,"Bolen Banana",103,23000,116,13,Normal
2023-08-01,Selasa,"Bolen Proltape",140,23000,196,56,Overstock
2023-08-02,Rabu,"Bolen Coklat Keju",21,12000,21,0,Understock
2023-08-03,Kamis,"Bolen Cokju (Mini)",95,12000,129,34,Normal
2023-08-04,Jumat,"Bolen Keju (Mini)",126,12000,126,0,Understock
2023-08-05,Sabtu,"Bolen Pisang Coklat",141,23000,141,0,Understock
2023-08-06,Minggu,"Bolen Coklat",91,23000,91,0,Understock
2023-08-07,Senin,"Bolen Banana",86,23000,201,115,Overstock
2023-08-08,Selasa,"Bolen Proltape",140,23000,281,141,Overstock
2023-08-09,Rabu,"Bolen Coklat Keju",86,12000,139,53,Overstock
2023-08-10,Kamis,"Bolen Cokju (Mini)",104,12000,104,0,Understock
2023-08-11,Jumat,"Bolen Keju (Mini)",38,12000,76,38,Normal
2023-08-12,Sabtu,"Bolen Pisang Coklat",88,23000,135,47,Normal
2023-08-13,Minggu,"Bolen Coklat",16,23000,100,84,Overstock
2023-08-14,Senin,"Bolen Banana",68,23000,106,38,Normal
2023-08-15,Selasa,"Bolen Proltape",132,23000,132,0,Understock
2023-08-16,Rabu,"Bolen Coklat Keju",107,12000,107,0,Understock
2023-08-17,Kamis,"Bolen Cokju (Mini)",72,12000,72,0,Understock
2023-08-18,Jumat,"Bolen Keju (Mini)",38,12000,38,0,Understock
2023-08-19,Sabtu,"Bolen Pisang Coklat",122,23000,122,0,Understock
2023-08-20,Minggu,"Bolen Coklat",48,23000,125,77,Overstock
2023-08-21,Senin,"Bolen Banana",115,23000,244,129,Overstock
2023-08-22,Selasa,"Bolen Proltape",130,23000,178,48,Normal
2023-08-23,Rabu,"Bolen Coklat Keju",25,12000,142,117,Overstock
2023-08-24,Kamis,"Bolen Cokju (Mini)",63,12000,198,135,Overstock
2023-08-25,Jumat,"Bolen Keju (Mini)",132,12000,223,91,Overstock
2023-08-26,Sabtu,"Bolen Pisang Coklat",54,23000,173,119,Overstock
2023-08-27,Minggu,"Bolen Coklat",97,23000,234,137,Overstock
2023-08-28,Senin,"Bolen Banana",77,23000,152,75,Overstock
2023-08-29,Selasa,"Bolen Proltape",73,23000,73,0,Understock
2023-08-30,Rabu,"Bolen Coklat Keju",86,12000,86,0,Understock
2023-08-31,Kamis,"Bolen Cokju (Mini)",86,12000,132,46,Normal
2023-09-01,Jumat,"Bolen Keju (Mini)",63,12000,176,113,Overstock
2023-09-02,Sabtu,"Bolen Pisang Coklat",91,23000,213,122,Overstock
2023-09-03,Minggu,"Bolen Coklat",80,23000,80,0,Understock
2023-09-04,Senin,"Bolen Banana",149,23000,250,101,Overstock
2023-09-05,Selasa,"Bolen Proltape",98,23000,108,10,Normal
2023-09-06,Rabu,"Bolen Coklat Keju",84,12000,84,0,Understock
2023-09-07,Kamis,"Bolen Cokju (Mini)",30,12000,137,107,Overstock
2023-09-08,Jumat,"Bolen Keju (Mini)",75,12000,89,14,Normal
2023-09-09,Sabtu,"Bolen Pisang Coklat",61,23000,79,18,Normal
2023-09-10,Minggu,"Bolen Coklat",79,23000,79,0,Understock
2023-09-11,Senin,"Bolen Banana",71,23000,71,0,Understock
2023-09-12,Selasa,"Bolen Proltape",145,23000,145,0,Understock
2023-09-13,Rabu,"Bolen Coklat Keju",69,12000,69,0,Understock
2023-09-14,Kamis,"Bolen Cokju (Mini)",115,12000,115,0,Understock
2023-09-15,Jumat,"Bolen Keju (Mini)",130,12000,130,0,Understock
2023-09-16,Sabtu,"Bolen Pisang Coklat",45,23000,45,0,Understock
2023-09-17,Minggu,"Bolen Coklat",150,23000,161,11,Normal
2023-09-18,Senin,"Bolen Banana",114,23000,225,111,Overstock
2023-09-19,Selasa,"Bolen Proltape",132,23000,279,147,Overstock
2023-09-20,Rabu,"Bolen Coklat Keju",83,12000,83,0,Understock
2023-09-21,Kamis,"Bolen Cokju (Mini)",25,12000,31,6,Normal
2023-09-22,Jumat,"Bolen Keju (Mini)",69,12000,212,143,Overstock
2023-09-23,Sabtu,"Bolen Pisang Coklat",19,23000,31,12,Normal
2023-09-24,Minggu,"Bolen Coklat",116,23000,128,12,Normal
2023-09-25,Senin,"Bolen Banana",19,23000,45,26,Normal
2023-09-26,Selasa,"Bolen Proltape",136,23000,136,0,Understock
2023-09-27,Rabu,"Bolen Coklat Keju",84,12000,85,1,Normal
2023-09-28,Kamis,"Bolen Cokju (Mini)",86,12000,150,64,Overstock
2023-09-29,Jumat,"Bolen Keju (Mini)",95,12000,95,0,Understock
2023-09-30,Sabtu,"Bolen Pisang Coklat",149,23000,217,68,Overstock
2023-10-01,Minggu,"Bolen Coklat",139,23000,214,75,Overstock
2023-10-02,Senin,"Bolen Banana",38,23000,38,0,Understock
2023-10-03,Selasa,"Bolen Proltape",127,23000,269,142,Overstock
2023-10-04,Rabu,"Bolen Coklat Keju",57,12000,57,0,Understock
2023-10-05,Kamis,"Bolen Cokju (Mini)",96,12000,133,37,Normal
2023-10-06,Jumat,"Bolen Keju (Mini)",59,12000,59,0,Understock
2023-10-07,Sabtu,"Bolen Pisang Coklat",113,23000,146,33,Normal
2023-10-08,Minggu,"Bolen Coklat",93,23000,93,0,Understock
2023-10-09,Senin,"Bolen Banana",34,23000,34,0,Understock
2023-10-10,Selasa,"Bolen Proltape",45,23000,127,82,Overstock
2023-10-11,Rabu,"Bolen Coklat Keju",11,12000,11,0,Understock
2023-10-12,Kamis,"Bolen Cokju (Mini)",70,12000,155,85,Overstock
2023-10-13,Jumat,"Bolen Keju (Mini)",94,12000,94,0,Understock
2023-10-14,Sabtu,"Bolen Pisang Coklat",12,23000,12,0,Understock
2023-10-15,Minggu,"Bolen Coklat",102,23000,160,58,Overstock
2023-10-16,Senin,"Bolen Banana",40,23000,111,71,Overstock
2023-10-17,Selasa,"Bolen Proltape",113,23000,254,141,Overstock
2023-10-18,Rabu,"Bolen Coklat Keju",89,12000,221,132,Overstock
2023-10-19,Kamis,"Bolen Cokju (Mini)",85,12000,164,79,Overstock
2023-10-20,Jumat,"Bolen Keju (Mini)",66,12000,97,31,Normal
2023-10-21,Sabtu,"Bolen Pisang Coklat",49,23000,177,128,Overstock
2023-10-22,Minggu,"Bolen Coklat",105,23000,226,121,Overstock
2023-10-23,Senin,"Bolen Banana",130,23000,173,43,Normal
2023-10-24,Selasa,"Bolen Proltape",65,23000,109,44,Normal
2023-10-25,Rabu,"Bolen Coklat Keju",30,12000,148,118,Overstock
2023-10-26,Kamis,"Bolen Cokju (Mini)",102,12000,102,0,Understock
2023-10-27,Jumat,"Bolen Keju (Mini)",38,12000,38,0,Understock
2023-10-28,Sabtu,"Bolen Pisang Coklat",150,23000,163,13,Normal
2023-10-29,Minggu,"Bolen Coklat",147,23000,147,0,Understock
2023-10-30,Senin,"Bolen Banana",93,23000,122,29,Normal
2023-10-31,Selasa,"Bolen Proltape",39,23000,181,142,Overstock
2023-11-01,Rabu,"Bolen Coklat Keju",135,12000,135,0,Understock
2023-11-02,Kamis,"Bolen Cokju (Mini)",140,12000,198,58,Overstock
2023-11-03,Jumat,"Bolen Keju (Mini)",126,12000,126,0,Understock
2023-11-04,Sabtu,"Bolen Pisang Coklat",116,23000,174,58,Overstock
2023-11-05,Minggu,"Bolen Coklat",128,23000,218,90,Overstock
2023-11-06,Senin,"Bolen Banana",15,23000,66,51,Overstock
2023-11-07,Selasa,"Bolen Proltape",65,23000,121,56,Overstock
2023-11-08,Rabu,"Bolen Coklat Keju",118,12000,177,59,Overstock
2023-11-09,Kamis,"Bolen Cokju (Mini)",148,12000,153,5,Normal
2023-11-10,Jumat,"Bolen Keju (Mini)",130,12000,130,0,Understock
2023-11-11,Sabtu,"Bolen Pisang Coklat",114,23000,114,0,Understock
2023-11-12,Minggu,"Bolen Coklat",44,23000,91,47,Normal
2023-11-13,Senin,"Bolen Banana",117,23000,216,99,Overstock
2023-11-14,Selasa,"Bolen Proltape",124,23000,149,25,Normal
2023-11-15,Rabu,"Bolen Coklat Keju",106,12000,106,0,Understock
2023-11-16,Kamis,"Bolen Cokju (Mini)",148,12000,148,0,Understock
2023-11-17,Jumat,"Bolen Keju (Mini)",99,12000,99,0,Understock
2023-11-18,Sabtu,"Bolen Pisang Coklat",147,23000,214,67,Overstock
2023-11-19,Minggu,"Bolen Coklat",67,23000,116,49,Normal
2023-11-20,Senin,"Bolen Banana",15,23000,45,30,Normal
2023-11-21,Selasa,"Bolen Proltape",149,23000,248,99,Overstock
2023-11-22,Rabu,"Bolen Coklat Keju",68,12000,68,0,Understock
2023-11-23,Kamis,"Bolen Cokju (Mini)",98,12000,98,0,Understock
2023-11-24,Jumat,"Bolen Keju (Mini)",58,12000,105,47,Normal
2023-11-25,Sabtu,"Bolen Pisang Coklat",38,23000,38,0,Understock
2023-11-26,Minggu,"Bolen Coklat",117,23000,170,53,Overstock
2023-11-27,Senin,"Bolen Banana",71,23000,71,0,Understock
2023-11-28,Selasa,"Bolen Proltape",35,23000,143,108,Overstock
2023-11-29,Rabu,"Bolen Coklat Keju",22,12000,22,0,Understock
2023-11-30,Kamis,"Bolen Cokju (Mini)",21,12000,101,80,Overstock
2023-12-01,Jumat,"Bolen Keju (Mini)",148,12000,148,0,Understock
2023-12-02,Sabtu,"Bolen Pisang Coklat",24,23000,24,0,Understock
2023-12-03,Minggu,"Bolen Coklat",84,23000,84,0,Understock
2023-12-04,Senin,"Bolen Banana",91,23000,240,149,Overstock
2023-12-05,Selasa,"Bolen Proltape",92,23000,92,0,Understock
2023-12-06,Rabu,"Bolen Coklat Keju",46,12000,80,34,Normal
2023-12-07,Kamis,"Bolen Cokju (Mini)",66,12000,152,86,Overstock
2023-12-08,Jumat,"Bolen Keju (Mini)",25,12000,151,126,Overstock
2023-12-09,Sabtu,"Bolen Pisang Coklat",54,23000,159,105,Overstock
2023-12-10,Minggu,"Bolen Coklat",136,23000,136,0,Understock
2023-12-11,Senin,"Bolen Banana",98,23000,141,43,Normal
2023-12-12,Selasa,"Bolen Proltape",107,23000,128,21,Normal
2023-12-13,Rabu,"Bolen Coklat Keju",116,12000,205,89,Overstock
2023-12-14,Kamis,"Bolen Cokju (Mini)",106,12000,106,0,Understock
2023-12-15,Jumat,"Bolen Keju (Mini)",147,12000,226,79,Overstock
2023-12-16,Sabtu,"Bolen Pisang Coklat",86,23000,96,10,Normal
2023-12-17,Minggu,"Bolen Coklat",128,23000,164,36,Normal
2023-12-18,Senin,"Bolen Banana",115,23000,151,36,Normal
2023-12-19,Selasa,"Bolen Proltape",145,23000,145,0,Understock
2023-12-20,Rabu,"Bolen Coklat Keju",72,12000,72,0,Understock
2023-12-21,Kamis,"Bolen Cokju (Mini)",94,12000,202,108,Overstock
2023-12-22,Jumat,"Bolen Keju (Mini)",104,12000,104,0,Understock
2023-12-23,Sabtu,"Bolen Pisang Coklat",58,23000,58,0,Understock
2023-12-24,Minggu,"Bolen Coklat",106,23000,234,128,Overstock
2023-12-25,Senin,"Bolen Banana",20,23000,33,13,Normal
2023-12-26,Selasa,"Bolen Proltape",65,23000,158,93,Overstock
2023-12-27,Rabu,"Bolen Coklat Keju",87,12000,88,1,Normal
2023-12-28,Kamis,"Bolen Cokju (Mini)",64,12000,112,48,Normal
2023-12-29,Jumat,"Bolen Keju (Mini)",40,12000,89,49,Normal
2023-12-30,Sabtu,"Bolen Pisang Coklat",132,23000,177,45,Normal
2023-12-31,Minggu,"Bolen Coklat",62,23000,143,81,Overstock
2024-01-01,Senin,"Bolen Banana",92,23000,117,25,Normal
2024-01-02,Selasa,"Bolen Proltape",129,23000,225,96,Overstock
2024-01-03,Rabu,"Bolen Coklat Keju",88,12000,88,0,Understock
2024-01-04,Kamis,"Bolen Cokju (Mini)",141,12000,171,30,Normal
2024-01-05,Jumat,"Bolen Keju (Mini)",35,12000,82,47,Normal
2024-01-06,Sabtu,"Bolen Pisang Coklat",130,23000,151,21,Normal
2024-01-07,Minggu,"Bolen Coklat",62,23000,165,103,Overstock
2024-01-08,Senin,"Bolen Banana",21,23000,100,79,Overstock
2024-01-09,Selasa,"Bolen Proltape",47,23000,47,0,Understock
2024-01-10,Rabu,"Bolen Coklat Keju",116,12000,116,0,Understock
2024-01-11,Kamis,"Bolen Cokju (Mini)",60,12000,60,0,Understock
2024-01-12,Jumat,"Bolen Keju (Mini)",107,12000,189,82,Overstock
2024-01-13,Sabtu,"Bolen Pisang Coklat",137,23000,275,138,Overstock
2024-01-14,Minggu,"Bolen Coklat",96,23000,96,0,Understock
2024-01-15,Senin,"Bolen Banana",135,23000,177,42,Normal
2024-01-16,Selasa,"Bolen Proltape",135,23000,279,144,Overstock
2024-01-17,Rabu,"Bolen Coklat Keju",100,12000,100,0,Understock
2024-01-18,Kamis,"Bolen Cokju (Mini)",149,12000,269,120,Overstock
2024-01-19,Jumat,"Bolen Keju (Mini)",25,12000,85,60,Overstock
2024-01-20,Sabtu,"Bolen Pisang Coklat",22,23000,49,27,Normal
2024-01-21,Minggu,"Bolen Coklat",45,23000,60,15,Normal
2024-01-22,Senin,"Bolen Banana",27,23000,79,52,Overstock
2024-01-23,Selasa,"Bolen Proltape",65,23000,163,98,Overstock
2024-01-24,Rabu,"Bolen Coklat Keju",25,12000,161,136,Overstock
2024-01-25,Kamis,"Bolen Cokju (Mini)",133,12000,186,53,Overstock
2024-01-26,Jumat,"Bolen Keju (Mini)",11,12000,114,103,Overstock
2024-01-27,Sabtu,"Bolen Pisang Coklat",13,23000,13,0,Understock
2024-01-28,Minggu,"Bolen Coklat",80,23000,167,87,Overstock
2024-01-29,Senin,"Bolen Banana",14,23000,154,140,Overstock
2024-01-30,Selasa,"Bolen Proltape",120,23000,132,12,Normal
2024-01-31,Rabu,"Bolen Coklat Keju",37,12000,71,34,Normal
2024-02-01,Kamis,"Bolen Cokju (Mini)",48,12000,48,0,Understock
2024-02-02,Jumat,"Bolen Keju (Mini)",144,12000,144,0,Understock
2024-02-03,Sabtu,"Bolen Pisang Coklat",100,23000,100,0,Understock
2024-02-04,Minggu,"Bolen Coklat",111,23000,111,0,Understock
2024-02-05,Senin,"Bolen Banana",113,23000,195,82,Overstock
2024-02-06,Selasa,"Bolen Proltape",67,23000,67,0,Understock
2024-02-07,Rabu,"Bolen Coklat Keju",30,12000,164,134,Overstock
2024-02-08,Kamis,"Bolen Cokju (Mini)",18,12000,18,0,Understock
2024-02-09,Jumat,"Bolen Keju (Mini)",107,12000,218,111,Overstock
2024-02-10,Sabtu,"Bolen Pisang Coklat",24,23000,164,140,Overstock
2024-02-11,Minggu,"Bolen Coklat",53,23000,53,0,Understock
2024-02-12,Senin,"Bolen Banana",121,23000,214,93,Overstock
2024-02-13,Selasa,"Bolen Proltape",34,23000,37,3,Normal
2024-02-14,Rabu,"Bolen Coklat Keju",68,12000,68,0,Understock
2024-02-15,Kamis,"Bolen Cokju (Mini)",131,12000,131,0,Understock
2024-02-16,Jumat,"Bolen Keju (Mini)",29,12000,115,86,Overstock
2024-02-17,Sabtu,"Bolen Pisang Coklat",149,23000,204,55,Overstock
2024-02-18,Minggu,"Bolen Coklat",55,23000,76,21,Normal
2024-02-19,Senin,"Bolen Banana",14,23000,52,38,Normal
2024-02-20,Selasa,"Bolen Proltape",46,23000,92,46,Normal
2024-02-21,Rabu,"Bolen Coklat Keju",111,12000,131,20,Normal
2024-02-22,Kamis,"Bolen Cokju (Mini)",51,12000,174,123,Overstock
2024-02-23,Jumat,"Bolen Keju (Mini)",109,12000,229,120,Overstock
2024-02-24,Sabtu,"Bolen Pisang Coklat",94,23000,239,145,Overstock
2024-02-25,Minggu,"Bolen Coklat",45,23000,90,45,Normal
2024-02-26,Senin,"Bolen Banana",30,23000,125,95,Overstock
2024-02-27,Selasa,"Bolen Proltape",23,23000,23,0,Understock
2024-02-28,Rabu,"Bolen Coklat Keju",69,12000,91,22,Normal
2024-02-29,Kamis,"Bolen Cokju (Mini)",111,12000,132,21,Normal
2024-03-01,Jumat,"Bolen Keju (Mini)",17,12000,125,108,Overstock
2024-03-02,Sabtu,"Bolen Pisang Coklat",135,23000,135,0,Understock
2024-03-03,Minggu,"Bolen Coklat",106,23000,244,138,Overstock
2024-03-04,Senin,"Bolen Banana",107,23000,107,0,Understock
2024-03-05,Selasa,"Bolen Proltape",85,23000,131,46,Normal
2024-03-06,Rabu,"Bolen Coklat Keju",28,12000,28,0,Understock
2024-03-07,Kamis,"Bolen Cokju (Mini)",49,12000,181,132,Overstock
2024-03-08,Jumat,"Bolen Keju (Mini)",49,12000,70,21,Normal
2024-03-09,Sabtu,"Bolen Pisang Coklat",102,23000,102,0,Understock
2024-03-10,Minggu,"Bolen Coklat",11,23000,40,29,Normal
2024-03-11,Senin,"Bolen Banana",102,23000,109,7,Normal
2024-03-12,Selasa,"Bolen Proltape",43,23000,43,0,Understock
2024-03-13,Rabu,"Bolen Coklat Keju",120,12000,242,122,Overstock
2024-03-14,Kamis,"Bolen Cokju (Mini)",141,12000,195,54,Overstock
2024-03-15,Jumat,"Bolen Keju (Mini)",32,12000,94,62,Overstock
2024-03-16,Sabtu,"Bolen Pisang Coklat",93,23000,94,1,Normal
2024-03-17,Minggu,"Bolen Coklat",84,23000,234,150,Overstock
2024-03-18,Senin,"Bolen Banana",31,23000,67,36,Normal
2024-03-19,Selasa,"Bolen Proltape",72,23000,144,72,Overstock
2024-03-20,Rabu,"Bolen Coklat Keju",107,12000,107,0,Understock
2024-03-21,Kamis,"Bolen Cokju (Mini)",78,12000,78,0,Understock
2024-03-22,Jumat,"Bolen Keju (Mini)",136,12000,136,0,Understock
2024-03-23,Sabtu,"Bolen Pisang Coklat",52,23000,156,104,Overstock
2024-03-24,Minggu,"Bolen Coklat",86,23000,146,60,Overstock
2024-03-25,Senin,"Bolen Banana",102,23000,102,0,Understock
2024-03-26,Selasa,"Bolen Proltape",73,23000,105,32,Normal
2024-03-27,Rabu,"Bolen Coklat Keju",60,12000,128,68,Overstock
2024-03-28,Kamis,"Bolen Cokju (Mini)",87,12000,87,0,Understock
2024-03-29,Jumat,"Bolen Keju (Mini)",111,12000,111,0,Understock
2024-03-30,Sabtu,"Bolen Pisang Coklat",107,23000,129,22,Normal
2024-03-31,Minggu,"Bolen Coklat",122,23000,122,0,Understock
2024-04-01,Senin,"Bolen Banana",44,23000,44,0,Understock
2024-04-02,Selasa,"Bolen Proltape",61,23000,134,73,Overstock
2024-04-03,Rabu,"Bolen Coklat Keju",111,12000,130,19,Normal
2024-04-04,Kamis,"Bolen Cokju (Mini)",135,12000,151,16,Normal
2024-04-05,Jumat,"Bolen Keju (Mini)",93,12000,194,101,Overstock
2024-04-06,Sabtu,"Bolen Pisang Coklat",103,23000,103,0,Understock
2024-04-07,Minggu,"Bolen Coklat",61,23000,181,120,Overstock
2024-04-08,Senin,"Bolen Banana",56,23000,177,121,Overstock
2024-04-09,Selasa,"Bolen Proltape",16,23000,46,30,Normal
2024-04-10,Rabu,"Bolen Coklat Keju",63,12000,151,88,Overstock
2024-04-11,Kamis,"Bolen Cokju (Mini)",27,12000,54,27,Normal
2024-04-12,Jumat,"Bolen Keju (Mini)",137,12000,137,0,Understock
2024-04-13,Sabtu,"Bolen Pisang Coklat",87,23000,87,0,Understock
2024-04-14,Minggu,"Bolen Coklat",49,23000,74,25,Normal
2024-04-15,Senin,"Bolen Banana",28,23000,155,127,Overstock
2024-04-16,Selasa,"Bolen Proltape",132,23000,251,119,Overstock
2024-04-17,Rabu,"Bolen Coklat Keju",139,12000,184,45,Normal
2024-04-18,Kamis,"Bolen Cokju (Mini)",117,12000,214,97,Overstock
2024-04-19,Jumat,"Bolen Keju (Mini)",147,12000,208,61,Overstock
2024-04-20,Sabtu,"Bolen Pisang Coklat",37,23000,80,43,Normal
2024-04-21,Minggu,"Bolen Coklat",100,23000,100,0,Understock
2024-04-22,Senin,"Bolen Banana",21,23000,154,133,Overstock
2024-04-23,Selasa,"Bolen Proltape",112,23000,134,22,Normal
2024-04-24,Rabu,"Bolen Coklat Keju",120,12000,120,0,Understock
2024-04-25,Kamis,"Bolen Cokju (Mini)",35,12000,35,0,Understock
2024-04-26,Jumat,"Bolen Keju (Mini)",140,12000,176,36,Normal
2024-04-27,Sabtu,"Bolen Pisang Coklat",66,23000,167,101,Overstock
2024-04-28,Minggu,"Bolen Coklat",128,23000,166,38,Normal
2024-04-29,Senin,"Bolen Banana",138,23000,138,0,Understock
2024-04-30,Selasa,"Bolen Proltape",16,23000,104,88,Overstock
2024-05-01,Rabu,"Bolen Coklat Keju",116,12000,122,6,Normal
2024-05-02,Kamis,"Bolen Cokju (Mini)",39,12000,86,47,Normal
2024-05-03,Jumat,"Bolen Keju (Mini)",46,12000,140,94,Overstock
2024-05-04,Sabtu,"Bolen Pisang Coklat",126,23000,160,34,Normal
2024-05-05,Minggu,"Bolen Coklat",133,23000,196,63,Overstock
2024-05-06,Senin,"Bolen Banana",122,23000,151,29,Normal
2024-05-07,Selasa,"Bolen Proltape",91,23000,91,0,Understock
2024-05-08,Rabu,"Bolen Coklat Keju",21,12000,29,8,Normal
2024-05-09,Kamis,"Bolen Cokju (Mini)",15,12000,57,42,Normal
2024-05-10,Jumat,"Bolen Keju (Mini)",37,12000,109,72,Overstock
2024-05-11,Sabtu,"Bolen Pisang Coklat",72,23000,193,121,Overstock
2024-05-12,Minggu,"Bolen Coklat",50,23000,50,0,Understock
2024-05-13,Senin,"Bolen Banana",119,23000,134,15,Normal
2024-05-14,Selasa,"Bolen Proltape",113,23000,187,74,Overstock
2024-05-15,Rabu,"Bolen Coklat Keju",120,12000,265,145,Overstock
2024-05-16,Kamis,"Bolen Cokju (Mini)",60,12000,165,105,Overstock
2024-05-17,Jumat,"Bolen Keju (Mini)",109,12000,109,0,Understock
2024-05-18,Sabtu,"Bolen Pisang Coklat",64,23000,64,0,Understock
2024-05-19,Minggu,"Bolen Coklat",26,23000,145,119,Overstock
2024-05-20,Senin,"Bolen Banana",57,23000,133,76,Overstock
2024-05-21,Selasa,"Bolen Proltape",127,23000,127,0,Understock
2024-05-22,Rabu,"Bolen Coklat Keju",135,12000,267,132,Overstock
2024-05-23,Kamis,"Bolen Cokju (Mini)",90,12000,219,129,Overstock
2024-05-24,Jumat,"Bolen Keju (Mini)",110,12000,205,95,Overstock
2024-05-25,Sabtu,"Bolen Pisang Coklat",100,23000,140,40,Normal
2024-05-26,Minggu,"Bolen Coklat",54,23000,100,46,Normal
2024-05-27,Senin,"Bolen Banana",86,23000,124,38,Normal
2024-05-28,Selasa,"Bolen Proltape",31,23000,122,91,Overstock
2024-05-29,Rabu,"Bolen Coklat Keju",40,12000,40,0,Understock
2024-05-30,Kamis,"Bolen Cokju (Mini)",39,12000,39,0,Understock
2024-05-31,Jumat,"Bolen Keju (Mini)",46,12000,150,104,Overstock
2024-06-01,Sabtu,"Bolen Pisang Coklat",45,23000,150,105,Overstock
2024-06-02,Minggu,"Bolen Coklat",57,23000,176,119,Overstock
2024-06-03,Senin,"Bolen Banana",54,23000,167,113,Overstock
2024-06-04,Selasa,"Bolen Proltape",83,23000,83,0,Understock
2024-06-05,Rabu,"Bolen Coklat Keju",90,12000,130,40,Normal
2024-06-06,Kamis,"Bolen Cokju (Mini)",23,12000,24,1,Normal
2024-06-07,Jumat,"Bolen Keju (Mini)",134,12000,134,0,Understock
2024-06-08,Sabtu,"Bolen Pisang Coklat",108,23000,141,33,Normal
2024-06-09,Minggu,"Bolen Coklat",136,23000,249,113,Overstock
2024-06-10,Senin,"Bolen Banana",116,23000,145,29,Normal
2024-06-11,Selasa,"Bolen Proltape",135,23000,135,0,Understock
2024-06-12,Rabu,"Bolen Coklat Keju",17,12000,32,15,Normal
2024-06-13,Kamis,"Bolen Cokju (Mini)",84,12000,84,0,Understock
2024-06-14,Jumat,"Bolen Keju (Mini)",67,12000,139,72,Overstock
2024-06-15,Sabtu,"Bolen Pisang Coklat",127,23000,276,149,Overstock
2024-06-16,Minggu,"Bolen Coklat",136,23000,201,65,Overstock
2024-06-17,Senin,"Bolen Banana",39,23000,39,0,Understock
2024-06-18,Selasa,"Bolen Proltape",149,23000,173,24,Normal
2024-06-19,Rabu,"Bolen Coklat Keju",148,12000,151,3,Normal
2024-06-20,Kamis,"Bolen Cokju (Mini)",122,12000,227,105,Overstock
2024-06-21,Jumat,"Bolen Keju (Mini)",36,12000,78,42,Normal
2024-06-22,Sabtu,"Bolen Pisang Coklat",73,23000,73,0,Understock
2024-06-23,Minggu,"Bolen Coklat",18,23000,113,95,Overstock
2024-06-24,Senin,"Bolen Banana",32,23000,98,66,Overstock
2024-06-25,Selasa,"Bolen Proltape",70,23000,70,0,Understock
2024-06-26,Rabu,"Bolen Coklat Keju",99,12000,139,40,Normal
2024-06-27,Kamis,"Bolen Cokju (Mini)",119,12000,119,0,Understock
2024-06-28,Jumat,"Bolen Keju (Mini)",45,12000,59,14,Normal
2024-06-29,Sabtu,"Bolen Pisang Coklat",25,23000,144,119,Overstock
2024-06-30,Minggu,"Bolen Coklat",81,23000,153,72,Overstock
2024-07-01,Senin,"Bolen Banana",92,23000,111,19,Normal
2024-07-02,Selasa,"Bolen Proltape",84,23000,200,116,Overstock
2024-07-03,Rabu,"Bolen Coklat Keju",34,12000,34,0,Understock
2024-07-04,Kamis,"Bolen Cokju (Mini)",115,12000,133,18,Normal
2024-07-05,Jumat,"Bolen Keju (Mini)",42,12000,109,67,Overstock
2024-07-06,Sabtu,"Bolen Pisang Coklat",73,23000,73,0,Understock
2024-07-07,Minggu,"Bolen Coklat",92,23000,141,49,Normal
2024-07-08,Senin,"Bolen Banana",110,23000,234,124,Overstock
2024-07-09,Selasa,"Bolen Proltape",78,23000,177,99,Overstock
2024-07-10,Rabu,"Bolen Coklat Keju",125,12000,125,0,Understock
2024-07-11,Kamis,"Bolen Cokju (Mini)",33,12000,179,146,Overstock
2024-07-12,Jumat,"Bolen Keju (Mini)",81,12000,179,98,Overstock
2024-07-13,Sabtu,"Bolen Pisang Coklat",126,23000,147,21,Normal
2024-07-14,Minggu,"Bolen Coklat",10,23000,57,47,Normal
2024-07-15,Senin,"Bolen Banana",33,23000,63,30,Normal
2024-07-16,Selasa,"Bolen Proltape",101,23000,136,35,Normal
2024-07-17,Rabu,"Bolen Coklat Keju",111,12000,111,0,Understock
2024-07-18,Kamis,"Bolen Cokju (Mini)",119,12000,151,32,Normal
2024-07-19,Jumat,"Bolen Keju (Mini)",78,12000,78,0,Understock
2024-07-20,Sabtu,"Bolen Pisang Coklat",82,23000,82,0,Understock
2024-07-21,Minggu,"Bolen Coklat",43,23000,156,113,Overstock
2024-07-22,Senin,"Bolen Banana",97,23000,146,49,Normal
2024-07-23,Selasa,"Bolen Proltape",22,23000,22,0,Understock
2024-07-24,Rabu,"Bolen Coklat Keju",127,12000,127,0,Understock
2024-07-25,Kamis,"Bolen Cokju (Mini)",50,12000,101,51,Overstock
2024-07-26,Jumat,"Bolen Keju (Mini)",119,12000,119,0,Understock
2024-07-27,Sabtu,"Bolen Pisang Coklat",43,23000,63,20,Normal
2024-07-28,Minggu,"Bolen Coklat",50,23000,68,18,Normal
2024-07-29,Senin,"Bolen Banana",33,23000,116,83,Overstock
2024-07-30,Selasa,"Bolen Proltape",31,23000,165,134,Overstock
2024-07-31,Rabu,"Bolen Coklat Keju",52,12000,52,0,Understock
